date,TX
2023-05-16,15690.0
2023-05-15,15510.0
2023-05-12,15508.0
2023-05-11,15518.0
2023-05-10,15609.0
2023-05-09,15739.0
2023-05-08,15723.0
2023-05-05,15643.0
2023-05-04,15609.0
2023-05-03,15552.0
2023-05-02,15636.0
2023-04-28,15573.0
2023-04-27,15427.0
2023-04-26,15375.0
2023-04-25,15388.0
2023-04-24,15623.0
2023-04-21,15615.0
2023-04-20,15731.0
2023-04-19,15778.0
2023-04-18,15890.0
2023-04-17,15970.0
2023-04-14,15947.0
2023-04-13,15816.0
2023-04-12,15926.0
2023-04-11,15921.0
2023-04-10,15849.0
2023-04-07,15818.0
2023-04-06,15760.0
2023-03-31,15864.0
2023-03-30,15821.0
2023-03-29,15740.0
2023-03-28,15690.0
2023-03-27,15831.0
2023-03-24,15912.0
2023-03-23,15837.0
2023-03-22,15712.0
2023-03-21,15455.0
2023-03-20,15373.0
2023-03-17,15403.0
2023-03-16,15227.0
2023-03-15,15328.0
2023-03-14,15352.0
2023-03-13,15520.0
2023-03-10,15484.0
2023-03-09,15767.0
2023-03-08,15785.0
2023-03-07,15874.0
2023-03-06,15774.0
2023-03-03,15619.0
2023-03-02,15542.0
2023-03-01,15544.0
2023-02-24,15542.0
2023-02-23,15597.0
2023-02-22,15376.0
2023-02-21,15528.0
2023-02-20,15522.0
2023-02-17,15433.0
2023-02-16,15546.0
2023-02-15,15361.0
2023-02-14,15661.0
2023-02-13,15533.0
2023-02-10,15575.0
2023-02-09,15601.0
2023-02-08,15604.0
2023-02-07,15396.0
2023-02-06,15405.0
2023-02-03,15579.0
2023-02-02,15580.0
2023-02-01,15383.0
2023-01-31,15268.0
2023-01-30,15458.0
2023-01-17,14925.0
2023-01-16,14936.0
2023-01-13,14833.0
2023-01-12,14768.0
2023-01-11,14792.0
2023-01-10,14808.0
2023-01-09,14769.0
2023-01-06,14364.0
2023-01-05,14289.0
2023-01-04,14208.0
2023-01-03,14230.0
2022-12-30,14134.0
2022-12-29,14032.0
2022-12-28,14110.0
2022-12-27,14303.0
2022-12-26,14245.0
2022-12-23,14190.0
2022-12-22,14377.0
2022-12-21,14165.0
2022-12-20,14154.0
2022-12-19,14404.0
2022-12-16,14461.0
2022-12-15,14708.0
2022-12-14,14710.0
2022-12-13,14519.0
2022-12-12,14581.0
2022-12-09,14707.0
2022-12-08,14496.0
2022-12-07,14623.0
2022-12-06,14675.0
2022-12-05,14935.0
2022-12-02,14886.0
2022-12-01,14977.0
2022-11-30,14800.0
2022-11-29,14658.0
2022-11-28,14475.0
2022-11-25,14703.0
2022-11-24,14775.0
2022-11-23,14600.0
2022-11-22,14505.0
2022-11-21,14428.0
2022-11-18,14460.0
2022-11-17,14513.0
2022-11-16,14497.0
2022-11-15,14530.0
2022-11-14,14127.0
2022-11-11,14058.0
2022-11-10,13477.0
2022-11-09,13595.0
2022-11-08,13334.0
2022-11-07,13224.0
2022-11-04,13030.0
2022-11-03,12958.0
2022-11-02,13083.0
2022-11-01,13031.0
2022-10-31,12943.0
2022-10-28,12764.0
2022-10-27,12956.0
2022-10-26,12739.0
2022-10-25,12682.0
2022-10-24,12882.0
2022-10-21,12805.0
2022-10-20,12900.0
2022-10-19,12964.0
2022-10-18,13103.0
2022-10-17,12981.0
2022-10-14,13166.0
2022-10-13,12869.0
2022-10-12,13076.0
2022-10-11,13091.0
2022-10-07,13689.0
2022-10-06,13869.0
2022-10-05,13820.0
2022-10-04,13597.0
2022-10-03,13304.0
2022-09-30,13395.0
2022-09-29,13524.0
2022-09-28,13515.0
2022-09-27,13818.0
2022-09-26,13758.0
2022-09-23,14119.0
2022-09-22,14242.0
2022-09-21,14410.0
2022-09-20,14561.0
2022-09-19,14420.0
2022-09-16,14483.0
2022-09-15,14642.0
2022-09-14,14577.0
2022-09-13,14875.0
2022-09-12,14794.0
2022-09-08,14548.0
2022-09-07,14359.0
2022-09-06,14634.0
2022-09-05,14611.0
2022-09-02,14597.0
2022-09-01,14736.0
2022-08-31,15039.0
2022-08-30,14948.0
2022-08-29,14818.0
2022-08-26,15241.0
2022-08-25,15172.0
2022-08-24,15035.0
2022-08-23,15028.0
2022-08-22,15175.0
2022-08-19,15353.0
2022-08-18,15315.0
2022-08-17,15379.0
2022-08-16,15422.0
2022-08-15,15387.0
2022-08-12,15272.0
2022-08-11,15183.0
2022-08-10,14876.0
2022-08-09,15016.0
2022-08-08,14961.0
2022-08-05,15009.0
2022-08-04,14658.0
2022-08-03,14669.0
2022-08-02,14643.0
2022-08-01,14870.0
2022-07-29,14938.0
2022-07-28,14831.0
2022-07-27,14794.0
2022-07-26,14705.0
2022-07-25,14794.0
2022-07-22,14751.0
2022-07-21,14748.0
2022-07-20,14616.0
2022-07-19,14678.0
2022-07-18,14650.0
2022-07-15,14475.0
2022-07-14,14389.0
2022-07-13,14277.0
2022-07-12,13914.0
2022-07-11,14276.0
2022-07-08,14329.0
2022-07-07,14176.0
2022-07-06,13871.0
2022-07-05,14231.0
2022-07-04,14152.0
2022-07-01,14175.0
2022-06-30,14622.0
2022-06-29,15019.0
2022-06-28,15192.0
2022-06-27,15277.0
2022-06-24,15058.0
2022-06-23,14938.0
2022-06-22,15012.0
2022-06-21,15334.0
2022-06-20,15038.0
2022-06-17,15200.0
2022-06-16,15410.0
2022-06-15,15546.0
2022-06-14,16055.0
2022-06-13,16053.0
2022-06-10,16471.0
2022-06-09,16582.0
2022-06-08,16644.0
2022-06-07,16462.0
2022-06-06,16600.0
2022-06-02,16532.0
2022-06-01,16610.0
2022-05-31,16682.0
2022-05-30,16560.0
2022-05-27,16230.0
2022-05-26,15950.0
2022-05-25,16060.0
2022-05-24,15926.0
2022-05-23,16147.0
2022-05-20,16135.0
2022-05-19,15911.0
2022-05-18,16196.0
2022-05-17,16075.0
2022-05-16,15921.0
2022-05-13,15851.0
2022-05-12,15632.0
2022-05-11,16010.0
2022-05-10,16039.0
2022-05-09,16027.0
2022-05-06,16355.0
2022-05-05,16684.0
2022-05-04,16519.0
2022-05-03,16470.0
2022-04-29,16583.0
2022-04-28,16387.0
2022-04-27,16285.0
2022-04-26,16586.0
2022-04-25,16572.0
2022-04-22,16992.0
2022-04-21,17126.0
2022-04-20,17071.0
2022-04-19,17000.0
2022-04-18,16881.0
2022-04-15,16983.0
2022-04-14,17298.0
2022-04-13,17316.0
2022-04-12,16999.0
2022-04-11,17039.0
2022-04-08,17316.0
2022-04-07,17143.0
2022-04-06,17506.0
2022-04-01,17554.0
2022-03-31,17639.0
2022-03-30,17741.0
2022-03-29,17545.0
2022-03-28,17438.0
2022-03-25,17621.0
2022-03-24,17671.0
2022-03-23,17702.0
2022-03-22,17520.0
2022-03-21,17489.0
2022-03-18,17391.0
2022-03-17,17446.0
2022-03-16,16933.0
2022-03-15,16882.0
2022-03-14,17239.0
2022-03-11,17220.0
2022-03-10,17437.0
2022-03-09,16946.0
2022-03-08,16702.0
2022-03-07,17058.0
2022-03-04,17666.0
2022-03-03,17929.0
2022-03-02,17844.0
2022-03-01,17911.0
2022-02-25,17606.0
2022-02-24,17516.0
2022-02-23,18042.0
2022-02-22,17878.0
2022-02-21,18210.0
2022-02-18,18226.0
2022-02-17,18243.0
2022-02-16,18213.0
2022-02-15,17953.0
2022-02-14,17977.0
2022-02-11,18275.0
2022-02-10,18337.0
2022-02-09,18167.0
2022-02-08,17942.0
2022-02-07,17899.0
2022-01-26,17625.0
2022-01-25,17678.0
2022-01-24,17957.0
2022-01-21,17895.0
2022-01-20,18226.0
2022-01-19,18143.0
2022-01-18,18349.0
2022-01-17,18509.0
2022-01-14,18357.0
2022-01-13,18425.0
2022-01-12,18375.0
2022-01-11,18280.0
2022-01-10,18258.0
2022-01-07,18143.0
2022-01-06,18335.0
2022-01-05,18480.0
2022-01-04,18516.0
2022-01-03,18273.0
2021-12-30,18212.0
2021-12-29,18276.0
2021-12-28,18207.0
2021-12-27,18068.0
2021-12-24,17958.0
2021-12-23,17954.0
2021-12-22,17833.0
2021-12-21,17796.0
2021-12-20,17580.0
2021-12-17,17786.0
2021-12-16,17804.0
2021-12-15,17597.0
2021-12-14,17605.0
2021-12-13,17752.0
2021-12-10,17818.0
2021-12-09,17911.0
2021-12-08,17851.0
2021-12-07,17795.0
2021-12-06,17693.0
2021-12-03,17706.0
2021-12-02,17705.0
2021-12-01,17586.0
2021-11-30,17327.0
2021-11-29,17308.0
2021-11-26,17342.0
2021-11-25,17676.0
2021-11-24,17679.0
2021-11-23,17659.0
2021-11-22,17836.0
2021-11-19,17851.0
2021-11-18,17860.0
2021-11-17,17764.0
2021-11-16,17701.0
2021-11-15,17664.0
2021-11-12,17547.0
2021-11-11,17470.0
2021-11-10,17555.0
2021-11-09,17555.0
2021-11-08,17424.0
2021-11-05,17267.0
2021-11-04,17075.0
2021-11-03,17092.0
2021-11-02,17047.0
2021-11-01,17079.0
2021-10-29,16945.0
2021-10-28,17038.0
2021-10-27,17071.0
2021-10-26,17048.0
2021-10-25,16888.0
2021-10-22,16854.0
2021-10-21,16813.0
2021-10-20,16889.0
2021-10-19,16902.0
2021-10-18,16725.0
2021-10-15,16782.0
2021-10-14,16405.0
2021-10-13,16318.0
2021-10-12,16418.0
2021-10-08,16627.0
2021-10-07,16706.0
2021-10-06,16359.0
2021-10-05,16398.0
2021-10-04,16358.0
2021-10-01,16517.0
2021-09-30,16917.0
2021-09-29,16823.0
2021-09-28,17170.0
2021-09-27,17292.0
2021-09-24,17250.0
2021-09-23,17080.0
2021-09-22,16900.0
2021-09-17,17298.0
2021-09-16,17248.0
2021-09-15,17323.0
2021-09-14,17461.0
2021-09-13,17442.0
2021-09-10,17473.0
2021-09-09,17235.0
2021-09-08,17262.0
2021-09-07,17422.0
2021-09-06,17496.0
2021-09-03,17509.0
2021-09-02,17320.0
2021-09-01,17476.0
2021-08-31,17457.0
2021-08-30,17339.0
2021-08-27,17170.0
2021-08-26,16995.0
2021-08-25,16963.0
2021-08-24,16784.0
2021-08-23,16684.0
2021-08-20,16193.0
2021-08-19,16329.0
2021-08-18,16702.0
2021-08-17,16580.0
2021-08-16,16772.0
2021-08-13,16934.0
2021-08-12,17157.0
2021-08-11,17171.0
2021-08-10,17299.0
2021-08-09,17404.0
2021-08-06,17437.0
2021-08-05,17542.0
2021-08-04,17571.0
2021-08-03,17484.0
2021-08-02,17470.0
2021-07-30,17173.0
2021-07-29,17331.0
2021-07-28,16965.0
2021-07-27,17173.0
2021-07-26,17202.0
2021-07-23,17407.0
2021-07-22,17407.0
2021-07-21,17279.0
2021-07-20,17558.0
2021-07-19,17794.0
2021-07-16,17925.0
2021-07-15,18022.0
2021-07-14,17874.0
2021-07-13,17869.0
2021-07-12,17824.0
2021-07-09,17658.0
2021-07-08,17825.0
2021-07-07,17830.0
2021-07-06,17878.0
2021-07-05,17898.0
2021-07-02,17653.0
2021-07-01,17646.0
2021-06-30,17715.0
2021-06-29,17529.0
2021-06-28,17535.0
2021-06-25,17419.0
2021-06-24,17336.0
2021-06-23,17272.0
2021-06-22,17028.0
2021-06-21,16962.0
2021-06-18,17252.0
2021-06-17,17297.0
2021-06-16,17242.0
2021-06-15,17398.0
2021-06-11,17219.0
2021-06-10,17159.0
2021-06-09,16963.0
2021-06-08,17090.0
2021-06-07,17090.0
2021-06-04,17100.0
2021-06-03,17230.0
2021-06-02,17098.0
2021-06-01,17130.0
2021-05-31,17013.0
2021-05-28,16863.0
2021-05-27,16534.0
2021-05-26,16616.0
2021-05-25,16585.0
2021-05-24,16294.0
2021-05-21,16257.0
2021-05-20,15981.0
2021-05-19,16023.0
2021-05-18,16147.0
2021-05-17,15263.0
2021-05-14,15772.0
2021-05-13,15566.0
2021-05-12,15692.0
2021-05-11,16556.0
2021-05-10,17228.0
2021-05-07,17287.0
2021-05-06,16944.0
2021-05-05,16769.0
2021-05-04,16933.0
2021-05-03,17253.0
2021-04-29,17571.0
2021-04-28,17533.0
2021-04-27,17571.0
2021-04-26,17530.0
2021-04-23,17257.0
2021-04-22,17109.0
2021-04-21,17138.0
2021-04-20,17319.0
2021-04-19,17271.0
2021-04-16,17158.0
2021-04-15,17071.0
2021-04-14,16856.0
2021-04-13,16795.0
2021-04-12,16834.0
2021-04-09,16841.0
2021-04-08,16930.0
2021-04-07,16768.0
2021-04-06,16731.0
2021-04-01,16551.0
2021-03-31,16422.0
2021-03-30,16519.0
2021-03-29,16411.0
2021-03-26,16288.0
2021-03-25,16032.0
2021-03-24,15983.0
2021-03-23,16120.0
2021-03-22,16140.0
2021-03-19,16012.0
2021-03-18,16239.0
2021-03-17,16160.0
2021-03-16,16305.0
2021-03-15,16200.0
2021-03-12,16222.0
2021-03-11,16174.0
2021-03-10,15883.0
2021-03-09,15822.0
2021-03-08,15816.0
2021-03-05,15855.0
2021-03-04,15925.0
2021-03-03,16181.0
2021-03-02,15907.0
2021-02-26,15935.0
2021-02-25,16388.0
2021-02-24,16182.0
2021-02-23,16437.0
2021-02-22,16385.0
2021-02-19,16314.0
2021-02-18,16380.0
2021-02-17,16339.0
2021-02-05,15804.0
2021-02-04,15701.0
2021-02-03,15772.0
2021-02-02,15755.0
2021-02-01,15360.0
2021-01-29,15075.0
2021-01-28,15383.0
2021-01-27,15660.0
2021-01-26,15626.0
2021-01-25,15912.0
2021-01-22,15984.0
2021-01-21,16129.0
2021-01-20,15736.0
2021-01-19,15888.0
2021-01-18,15606.0
2021-01-15,15634.0
2021-01-14,15729.0
2021-01-13,15764.0
2021-01-12,15493.0
2021-01-11,15534.0
2021-01-08,15454.0
2021-01-07,15230.0
2021-01-06,14911.0
2021-01-05,14977.0
2021-01-04,14874.0
2020-12-31,14678.0
2020-12-30,14638.0
2020-12-29,14459.0
2020-12-28,14437.0
2020-12-25,14305.0
2020-12-24,14242.0
2020-12-23,14113.0
2020-12-22,14046.0
2020-12-21,14312.0
2020-12-18,14137.0
2020-12-17,14186.0
2020-12-16,14192.0
2020-12-15,14085.0
2020-12-14,14200.0
2020-12-11,14236.0
2020-12-10,14241.0
2020-12-09,14397.0
2020-12-08,14342.0
2020-12-07,14225.0
2020-12-04,14138.0
2020-12-03,13986.0
2020-12-02,13956.0
2020-12-01,13877.0
2020-11-30,13722.0
2020-11-27,13878.0
2020-11-26,13841.0
2020-11-25,13709.0
2020-11-24,13804.0
2020-11-23,13875.0
2020-11-20,13736.0
2020-11-19,13740.0
2020-11-18,13717.0
2020-11-17,13625.0
2020-11-16,13581.0
2020-11-13,13284.0
2020-11-12,13230.0
2020-11-11,13263.0
2020-11-10,13071.0
2020-11-09,13121.0
2020-11-06,12936.0
2020-11-05,12890.0
2020-11-04,12865.0
2020-11-03,12685.0
2020-11-02,12515.0
2020-10-30,12414.0
2020-10-29,12602.0
2020-10-28,12739.0
2020-10-27,12807.0
2020-10-26,12858.0
2020-10-23,12839.0
2020-10-22,12837.0
2020-10-21,12806.0
2020-10-20,12856.0
2020-10-19,12896.0
2020-10-16,12745.0
2020-10-15,12840.0
2020-10-14,12888.0
2020-10-13,12919.0
2020-10-12,12920.0
2020-10-08,12873.0
2020-10-07,12755.0
2020-10-06,12675.0
2020-10-05,12529.0
2020-09-30,12472.0
2020-09-29,12421.0
2020-09-28,12417.0
2020-09-25,12195.0
2020-09-24,12175.0
2020-09-23,12528.0
2020-09-22,12507.0
2020-09-21,12659.0
2020-09-18,12835.0
2020-09-17,12816.0
2020-09-16,12905.0
2020-09-15,12840.0
2020-09-14,12785.0
2020-09-11,12661.0
2020-09-10,12699.0
2020-09-09,12598.0
2020-09-08,12667.0
2020-09-07,12582.0
2020-09-04,12606.0
2020-09-03,12732.0
2020-09-02,12691.0
2020-09-01,12691.0
2020-08-31,12591.0
2020-08-28,12691.0
2020-08-27,12760.0
2020-08-26,12792.0
2020-08-25,12737.0
2020-08-24,12604.0
2020-08-21,12543.0
2020-08-20,12305.0
2020-08-19,12750.0
2020-08-18,12875.0
2020-08-17,12955.0
2020-08-14,12788.0
2020-08-13,12723.0
2020-08-12,12655.0
2020-08-11,12737.0
2020-08-10,12855.0
2020-08-07,12763.0
2020-08-06,12835.0
2020-08-05,12744.0
2020-08-04,12629.0
2020-08-03,12443.0
2020-07-31,12577.0
2020-07-30,12596.0
2020-07-29,12423.0
2020-07-28,12457.0
2020-07-27,12503.0
2020-07-24,12150.0
2020-07-23,12288.0
2020-07-22,12331.0
2020-07-21,12289.0
2020-07-20,12031.0
2020-07-17,12039.0
2020-07-16,12032.0
2020-07-15,12081.0
2020-07-14,12188.0
2020-07-13,12205.0
2020-07-10,11999.0
2020-07-09,12147.0
2020-07-08,12125.0
2020-07-07,12027.0
2020-07-06,12065.0
2020-07-03,11838.0
2020-07-02,11695.0
2020-07-01,11546.0
2020-06-30,11469.0
2020-06-29,11361.0
2020-06-24,11523.0
2020-06-23,11455.0
2020-06-22,11423.0
2020-06-19,11410.0
2020-06-18,11394.0
2020-06-17,11358.0
2020-06-16,11526.0
2020-06-15,11229.0
2020-06-12,11395.0
2020-06-11,11491.0
2020-06-10,11706.0
2020-06-09,11609.0
2020-06-08,11570.0
2020-06-05,11457.0
2020-06-04,11357.0
2020-06-03,11283.0
2020-06-02,11106.0
2020-06-01,11057.0
2020-05-29,10922.0
2020-05-28,10907.0
2020-05-27,10972.0
2020-05-26,10984.0
2020-05-25,10817.0
2020-05-22,10743.0
2020-05-21,10952.0
2020-05-20,10853.0
2020-05-19,10872.0
2020-05-18,10763.0
2020-05-15,10818.0
2020-05-14,10750.0
2020-05-13,10915.0
2020-05-12,10865.0
2020-05-11,10983.0
2020-05-08,10896.0
2020-05-07,10833.0
2020-05-06,10750.0
2020-05-05,10725.0
2020-05-04,10615.0
2020-04-30,10944.0
2020-04-29,10707.0
2020-04-28,10582.0
2020-04-27,10547.0
2020-04-24,10270.0
2020-04-23,10292.0
2020-04-22,10225.0
2020-04-21,10198.0
2020-04-20,10476.0
2020-04-17,10561.0
2020-04-16,10302.0
2020-04-15,10322.0
2020-04-14,10346.0
2020-04-13,10073.0
2020-04-10,10133.0
2020-04-09,10101.0
2020-04-08,10127.0
2020-04-07,9997.0
2020-04-06,9826.0
2020-04-01,9552.0
2020-03-31,9596.0
2020-03-30,9576.0
2020-03-27,9583.0
2020-03-26,9638.0
2020-03-25,9583.0
2020-03-24,9193.0
2020-03-23,8688.0
2020-03-20,9013.0
2020-03-19,8353.0
2020-03-18,8919.0
2020-03-17,9363.0
2020-03-16,9668.0
2020-03-13,10021.0
2020-03-12,10367.0
2020-03-11,10821.0
2020-03-10,10984.0
2020-03-09,10950.0
2020-03-06,11269.0
2020-03-05,11492.0
2020-03-04,11364.0
2020-03-03,11324.0
2020-03-02,11174.0
2020-02-27,11273.0
2020-02-26,11421.0
2020-02-25,11542.0
2020-02-24,11508.0
2020-02-21,11664.0
2020-02-20,11715.0
2020-02-19,11762.0
2020-02-18,11640.0
2020-02-17,11770.0
2020-02-14,11812.0
2020-02-13,11774.0
2020-02-12,11771.0
2020-02-11,11666.0
2020-02-10,11564.0
2020-02-07,11592.0
2020-02-06,11741.0
2020-02-05,11542.0
2020-02-04,11534.0
2020-02-03,11325.0
2020-01-31,11468.0
2020-01-30,11370.0
2020-01-20,12111.0
2020-01-17,12072.0
2020-01-16,12056.0
2020-01-15,12056.0
2020-01-14,12181.0
2020-01-13,12117.0
2020-01-10,12010.0
2020-01-09,11968.0
2020-01-08,11788.0
2020-01-07,11871.0
2020-01-06,11950.0
2020-01-03,12086.0
2020-01-02,12102.0
2019-12-31,11995.0
2019-12-30,12069.0
2019-12-27,12097.0
2019-12-26,12009.0
2019-12-25,12020.0
2019-12-24,11983.0
2019-12-23,12020.0
2019-12-20,11979.0
2019-12-19,12030.0
2019-12-18,12094.0
2019-12-17,12100.0
2019-12-16,11961.0
2019-12-13,11965.0
2019-12-12,11853.0
2019-12-11,11706.0
2019-12-10,11625.0
2019-12-09,11671.0
2019-12-06,11612.0
2019-12-05,11598.0
2019-12-04,11503.0
2019-12-03,11524.0
2019-12-02,11502.0
2019-11-29,11465.0
2019-11-28,11614.0
2019-11-27,11647.0
2019-11-26,11618.0
2019-11-25,11565.0
2019-11-22,11556.0
2019-11-21,11544.0
2019-11-20,11601.0
2019-11-19,11644.0
2019-11-18,11593.0
2019-11-15,11532.0
2019-11-14,11456.0
2019-11-13,11466.0
2019-11-12,11523.0
2019-11-11,11437.0
2019-11-08,11573.0
2019-11-07,11596.0
2019-11-06,11653.0
2019-11-05,11645.0
2019-11-04,11544.0
2019-11-01,11371.0
2019-10-31,11346.0
2019-10-30,11338.0
2019-10-29,11326.0
2019-10-28,11311.0
2019-10-25,11284.0
2019-10-24,11290.0
2019-10-23,11201.0
2019-10-22,11242.0
2019-10-21,11155.0
2019-10-18,11150.0
2019-10-17,11157.0
2019-10-16,11131.0
2019-10-15,11108.0
2019-10-14,11076.0
2019-10-09,10880.0
2019-10-08,11001.0
2019-10-07,10915.0
2019-10-04,10880.0
2019-10-03,10851.0
2019-10-02,10922.0
2019-10-01,10954.0
2019-09-27,10824.0
2019-09-26,10843.0
2019-09-25,10841.0
2019-09-24,10908.0
2019-09-23,10894.0
2019-09-20,10901.0
2019-09-19,10870.0
2019-09-18,10895.0
2019-09-17,10863.0
2019-09-16,10881.0
2019-09-12,10824.0
2019-09-11,10773.0
2019-09-10,10743.0
2019-09-09,10792.0
2019-09-06,10768.0
2019-09-05,10735.0
2019-09-04,10644.0
2019-09-03,10543.0
2019-09-02,10605.0
2019-08-30,10576.0
2019-08-29,10430.0
2019-08-28,10413.0
2019-08-27,10364.0
2019-08-26,10307.0
2019-08-23,10499.0
2019-08-22,10477.0
2019-08-21,10492.0
2019-08-20,10527.0
2019-08-19,10484.0
2019-08-16,10414.0
2019-08-15,10301.0
2019-08-14,10429.0
2019-08-13,10342.0
2019-08-12,10441.0
2019-08-08,10439.0
2019-08-07,10347.0
2019-08-06,10331.0
2019-08-05,10379.0
2019-08-02,10469.0
2019-08-01,10644.0
2019-07-31,10737.0
2019-07-30,10752.0
2019-07-29,10782.0
2019-07-26,10787.0
2019-07-25,10822.0
2019-07-24,10804.0
2019-07-23,10803.0
2019-07-22,10794.0
2019-07-19,10744.0
2019-07-18,10651.0
2019-07-17,10666.0
2019-07-16,10876.0
2019-07-15,10849.0
2019-07-12,10810.0
2019-07-11,10814.0
2019-07-10,10731.0
2019-07-09,10650.0
2019-07-08,10665.0
2019-07-05,10718.0
2019-07-04,10710.0
2019-07-03,10641.0
2019-07-02,10749.0
2019-07-01,10767.0
2019-06-28,10580.0
2019-06-27,10622.0
2019-06-26,10503.0
2019-06-25,10540.0
2019-06-24,10623.0
2019-06-21,10585.0
2019-06-20,10591.0
2019-06-19,10585.0
2019-06-18,10553.0
2019-06-17,10545.0
2019-06-14,10529.0
2019-06-13,10529.0
2019-06-12,10592.0
2019-06-11,10592.0
2019-06-10,10539.0
2019-06-06,10360.0
2019-06-05,10456.0
2019-06-04,10416.0
2019-06-03,10471.0
2019-05-31,10455.0
2019-05-30,10367.0
2019-05-29,10291.0
2019-05-28,10340.0
2019-05-27,10333.0
2019-05-24,10344.0
2019-05-23,10310.0
2019-05-22,10480.0
2019-05-21,10487.0
2019-05-20,10433.0
2019-05-17,10411.0
2019-05-16,10488.0
2019-05-15,10583.0
2019-05-14,10532.0
2019-05-13,10576.0
2019-05-10,10745.0
2019-05-09,10746.0
2019-05-08,10893.0
2019-05-07,10970.0
2019-05-06,10857.0
2019-05-03,11092.0
2019-05-02,10978.0
2019-04-30,10952.0
2019-04-29,10932.0
2019-04-26,10933.0
2019-04-25,11031.0
2019-04-24,11009.0
2019-04-23,11024.0
2019-04-22,10978.0
2019-04-19,10972.0
2019-04-18,10939.0
2019-04-17,10994.0
2019-04-16,10931.0
2019-04-15,10876.0
2019-04-12,10802.0
2019-04-11,10806.0
2019-04-10,10862.0
2019-04-09,10843.0
2019-04-08,10770.0
2019-04-03,10693.0
2019-04-02,10676.0
2019-04-01,10638.0
2019-03-29,10598.0
2019-03-28,10493.0
2019-03-27,10520.0
2019-03-26,10522.0
2019-03-25,10438.0
2019-03-22,10613.0
2019-03-21,10590.0
2019-03-20,10514.0
2019-03-19,10501.0
2019-03-18,10477.0
2019-03-15,10414.0
2019-03-14,10338.0
2019-03-13,10365.0
2019-03-12,10348.0
2019-03-11,10229.0
2019-03-08,10200.0
2019-03-07,10262.0
2019-03-06,10322.0
2019-03-05,10274.0
2019-03-04,10311.0
2019-02-27,10362.0
2019-02-26,10355.0
2019-02-25,10368.0
2019-02-22,10310.0
2019-02-21,10324.0
2019-02-20,10249.0
2019-02-19,10142.0
2019-02-18,10135.0
2019-02-15,10042.0
2019-02-14,10080.0
2019-02-13,10084.0
2019-02-12,10084.0
2019-02-11,9999.0
2019-01-30,9926.0
2019-01-29,9923.0
2019-01-28,9985.0
2019-01-25,9968.0
2019-01-24,9863.0
2019-01-23,9818.0
2019-01-22,9847.0
2019-01-21,9866.0
2019-01-18,9820.0
2019-01-17,9779.0
2019-01-16,9764.0
2019-01-15,9793.0
2019-01-14,9691.0
2019-01-11,9750.0
2019-01-10,9694.0
2019-01-09,9708.0
2019-01-08,9561.0
2019-01-07,9563.0
2019-01-04,9367.0
2019-01-03,9440.0
2019-01-02,9536.0
2018-12-28,9671.0
2018-12-27,9633.0
2018-12-26,9459.0
2018-12-25,9477.0
2018-12-24,9620.0
2018-12-22,9585.0
2018-12-21,9660.0
2018-12-20,9641.0
2018-12-19,9750.0
2018-12-18,9718.0
2018-12-17,9790.0
2018-12-14,9730.0
2018-12-13,9856.0
2018-12-12,9818.0
2018-12-11,9687.0
2018-12-10,9626.0
2018-12-07,9746.0
2018-12-06,9674.0
2018-12-05,9878.0
2018-12-04,10042.0
2018-12-03,10122.0
2018-11-30,9853.0
2018-11-29,9877.0
2018-11-28,9870.0
2018-11-27,9741.0
2018-11-26,9768.0
2018-11-23,9620.0
2018-11-22,9714.0
2018-11-21,9729.0
2018-11-20,9732.0
2018-11-19,9819.0
2018-11-16,9783.0
2018-11-15,9827.0
2018-11-14,9769.0
2018-11-13,9728.0
2018-11-12,9812.0
2018-11-09,9789.0
2018-11-08,9924.0
2018-11-07,9848.0
2018-11-06,9774.0
2018-11-05,9817.0
2018-11-02,9874.0
2018-11-01,9787.0
2018-10-31,9724.0
2018-10-30,9524.0
2018-10-29,9473.0
2018-10-26,9424.0
2018-10-25,9486.0
2018-10-24,9715.0
2018-10-23,9728.0
2018-10-22,9935.0
2018-10-19,9905.0
2018-10-18,9884.0
2018-10-17,9972.0
2018-10-16,9951.0
2018-10-15,9860.0
2018-10-12,9948.0
2018-10-11,9642.0
2018-10-09,10460.0
2018-10-08,10461.0
2018-10-05,10506.0
2018-10-04,10694.0
2018-10-03,10856.0
2018-10-02,10879.0
2018-10-01,11006.0
2018-09-28,10955.0
2018-09-27,10982.0
2018-09-26,10972.0
2018-09-25,10981.0
2018-09-21,10974.0
2018-09-20,10848.0
2018-09-19,10876.0
2018-09-18,10781.0
2018-09-17,10823.0
2018-09-14,10881.0
2018-09-13,10717.0
2018-09-12,10726.0
2018-09-11,10740.0
2018-09-10,10734.0
2018-09-07,10845.0
2018-09-06,10901.0
2018-09-05,10950.0
2018-09-04,11002.0
2018-09-03,10935.0
2018-08-31,11022.0
2018-08-30,11023.0
2018-08-29,11044.0
2018-08-28,10954.0
2018-08-27,10886.0
2018-08-24,10788.0
2018-08-23,10842.0
2018-08-22,10764.0
2018-08-21,10767.0
2018-08-20,10671.0
2018-08-17,10662.0
2018-08-16,10690.0
2018-08-15,10678.0
2018-08-14,10820.0
2018-08-13,10757.0
2018-08-10,10959.0
2018-08-09,11017.0
2018-08-08,11049.0
2018-08-07,10968.0
2018-08-06,10982.0
2018-08-03,10970.0
2018-08-02,10871.0
2018-08-01,11047.0
2018-07-31,10989.0
2018-07-30,10940.0
2018-07-27,10992.0
2018-07-26,10915.0
2018-07-25,10865.0
2018-07-24,10871.0
2018-07-23,10830.0
2018-07-20,10824.0
2018-07-19,10721.0
2018-07-18,10717.0
2018-07-17,10768.0
2018-07-16,10815.0
2018-07-13,10848.0
2018-07-12,10740.0
2018-07-11,10617.0
2018-07-10,10709.0
2018-07-09,10661.0
2018-07-06,10539.0
2018-07-05,10500.0
2018-07-04,10618.0
2018-07-03,10622.0
2018-07-02,10611.0
2018-06-29,10677.0
2018-06-28,10523.0
2018-06-27,10554.0
2018-06-26,10592.0
2018-06-25,10584.0
2018-06-22,10655.0
2018-06-21,10706.0
2018-06-20,10740.0
2018-06-19,10874.0
2018-06-15,11055.0
2018-06-14,10985.0
2018-06-13,11146.0
2018-06-12,11141.0
2018-06-11,11128.0
2018-06-08,11125.0
2018-06-07,11227.0
2018-06-06,11200.0
2018-06-05,11069.0
2018-06-04,11085.0
2018-06-01,10915.0
2018-05-31,10867.0
2018-05-30,10775.0
2018-05-29,10928.0
2018-05-28,10983.0
2018-05-25,10932.0
2018-05-24,10917.0
2018-05-23,10858.0
2018-05-22,10922.0
2018-05-21,10965.0
2018-05-18,10820.0
2018-05-17,10826.0
2018-05-16,10882.0
2018-05-15,10869.0
2018-05-14,10958.0
2018-05-11,10861.0
2018-05-10,10763.0
2018-05-09,10704.0
2018-05-08,10669.0
2018-05-07,10595.0
2018-05-04,10523.0
2018-05-03,10506.0
2018-05-02,10609.0
2018-04-30,10655.0
2018-04-27,10561.0
2018-04-26,10476.0
2018-04-25,10535.0
2018-04-24,10583.0
2018-04-23,10694.0
2018-04-20,10788.0
2018-04-19,10969.0
2018-04-18,10846.0
2018-04-17,10806.0
2018-04-16,10943.0
2018-04-13,10955.0
2018-04-12,10943.0
2018-04-11,10979.0
2018-04-10,10949.0
2018-04-09,10904.0
2018-04-03,10784.0
2018-04-02,10865.0
2018-03-31,10926.0
2018-03-30,10919.0
2018-03-29,10840.0
2018-03-28,10820.0
2018-03-27,10989.0
2018-03-26,10840.0
2018-03-23,10734.0
2018-03-22,10989.0
2018-03-21,11006.0
2018-03-20,11012.0
2018-03-19,11028.0
2018-03-16,11018.0
2018-03-15,11041.0
2018-03-14,11031.0
2018-03-13,11100.0
2018-03-12,11024.0
2018-03-09,10865.0
2018-03-08,10829.0
2018-03-07,10712.0
2018-03-06,10787.0
2018-03-05,10635.0
2018-03-02,10681.0
2018-03-01,10735.0
2018-02-27,10791.0
2018-02-26,10822.0
2018-02-23,10781.0
2018-02-22,10626.0
2018-02-21,10685.0
2018-02-12,10410.0
2018-02-09,10353.0
2018-02-08,10518.0
2018-02-07,10517.0
2018-02-06,10399.0
2018-02-05,10928.0
2018-02-02,11116.0
2018-02-01,11160.0
2018-01-31,11098.0
2018-01-30,11064.0
2018-01-29,11196.0
2018-01-26,11146.0
2018-01-25,11154.0
2018-01-24,11126.0
2018-01-23,11225.0
2018-01-22,11222.0
2018-01-19,11139.0
2018-01-18,11054.0
2018-01-17,10989.0
2018-01-16,10983.0
2018-01-15,10955.0
2018-01-12,10876.0
2018-01-11,10801.0
2018-01-10,10809.0
2018-01-09,10881.0
2018-01-08,10886.0
2018-01-05,10857.0
2018-01-04,10837.0
2018-01-03,10789.0
2018-01-02,10709.0
2017-12-29,10636.0
2017-12-28,10562.0
2017-12-27,10476.0
2017-12-26,10416.0
2017-12-25,10526.0
2017-12-22,10535.0
2017-12-21,10497.0
2017-12-20,10509.0
2017-12-19,10459.0
2017-12-18,10502.0
2017-12-15,10485.0
2017-12-14,10528.0
2017-12-13,10449.0
2017-12-12,10432.0
2017-12-11,10479.0
2017-12-08,10397.0
2017-12-07,10360.0
2017-12-06,10386.0
2017-12-05,10573.0
2017-12-04,10649.0
2017-12-01,10604.0
2017-11-30,10574.0
2017-11-29,10729.0
2017-11-28,10708.0
2017-11-27,10750.0
2017-11-24,10856.0
2017-11-23,10856.0
2017-11-22,10827.0
2017-11-21,10788.0
2017-11-20,10667.0
2017-11-17,10707.0
2017-11-16,10617.0
2017-11-15,10604.0
2017-11-14,10684.0
2017-11-13,10693.0
2017-11-10,10728.0
2017-11-09,10723.0
2017-11-08,10804.0
2017-11-07,10825.0
2017-11-06,10771.0
2017-11-03,10788.0
2017-11-02,10781.0
2017-11-01,10809.0
2017-10-31,10783.0
2017-10-30,10748.0
2017-10-27,10710.0
2017-10-26,10728.0
2017-10-25,10739.0
2017-10-24,10744.0
2017-10-23,10736.0
2017-10-20,10732.0
2017-10-19,10761.0
2017-10-18,10723.0
2017-10-17,10724.0
2017-10-16,10757.0
2017-10-13,10711.0
2017-10-12,10697.0
2017-10-11,10633.0
2017-10-06,10524.0
2017-10-05,10505.0
2017-10-03,10462.0
2017-10-02,10449.0
2017-09-30,10380.0
2017-09-29,10321.0
2017-09-28,10299.0
2017-09-27,10319.0
2017-09-26,10264.0
2017-09-25,10333.0
2017-09-22,10433.0
2017-09-21,10575.0
2017-09-20,10513.0
2017-09-19,10580.0
2017-09-18,10636.0
2017-09-15,10566.0
2017-09-14,10529.0
2017-09-13,10521.0
2017-09-12,10590.0
2017-09-11,10565.0
2017-09-08,10556.0
2017-09-07,10490.0
2017-09-06,10519.0
2017-09-05,10582.0
2017-09-04,10552.0
2017-09-01,10576.0
2017-08-31,10551.0
2017-08-30,10531.0
2017-08-29,10463.0
2017-08-28,10490.0
2017-08-25,10487.0
2017-08-24,10449.0
2017-08-23,10361.0
2017-08-22,10350.0
2017-08-21,10269.0
2017-08-18,10259.0
2017-08-17,10298.0
2017-08-16,10224.0
2017-08-15,10309.0
2017-08-14,10231.0
2017-08-11,10300.0
2017-08-10,10328.0
2017-08-09,10453.0
2017-08-08,10526.0
2017-08-07,10529.0
2017-08-04,10439.0
2017-08-03,10406.0
2017-08-02,10453.0
2017-08-01,10367.0
2017-07-31,10355.0
2017-07-28,10340.0
2017-07-27,10448.0
2017-07-26,10329.0
2017-07-25,10363.0
2017-07-24,10362.0
2017-07-21,10329.0
2017-07-20,10390.0
2017-07-19,10386.0
2017-07-18,10462.0
2017-07-17,10436.0
2017-07-14,10403.0
2017-07-13,10420.0
2017-07-12,10339.0
2017-07-11,10342.0
2017-07-10,10210.0
2017-07-07,10203.0
2017-07-06,10267.0
2017-07-05,10301.0
2017-07-04,10217.0
2017-07-03,10289.0
2017-06-30,10252.0
2017-06-29,10297.0
2017-06-28,10261.0
2017-06-27,10368.0
2017-06-26,10381.0
2017-06-23,10215.0
2017-06-22,10231.0
2017-06-21,10178.0
2017-06-20,10322.0
2017-06-19,10239.0
2017-06-16,10146.0
2017-06-15,10073.0
2017-06-14,10065.0
2017-06-13,10137.0
2017-06-12,10120.0
2017-06-09,10192.0
2017-06-08,10211.0
2017-06-07,10192.0
2017-06-06,10185.0
2017-06-05,10200.0
2017-06-03,10157.0
2017-06-02,10135.0
2017-06-01,10069.0
2017-05-31,10031.0
2017-05-26,10093.0
2017-05-25,10107.0
2017-05-24,10020.0
2017-05-23,9994.0
2017-05-22,9975.0
2017-05-19,9932.0
2017-05-18,9951.0
2017-05-17,9979.0
2017-05-16,10022.0
2017-05-15,10028.0
2017-05-12,9981.0
2017-05-11,9987.0
2017-05-10,9947.0
2017-05-09,9904.0
2017-05-08,9921.0
2017-05-05,9889.0
2017-05-04,9959.0
2017-05-03,9936.0
2017-05-02,9932.0
2017-04-28,9857.0
2017-04-27,9839.0
2017-04-26,9841.0
2017-04-25,9813.0
2017-04-24,9705.0
2017-04-21,9697.0
2017-04-20,9615.0
2017-04-19,9625.0
2017-04-18,9737.0
2017-04-17,9722.0
2017-04-14,9716.0
2017-04-13,9846.0
2017-04-12,9814.0
2017-04-11,9816.0
2017-04-10,9876.0
2017-04-07,9863.0
2017-04-06,9897.0
2017-04-05,9961.0
2017-03-31,9821.0
2017-03-30,9850.0
2017-03-29,9862.0
2017-03-28,9883.0
2017-03-27,9865.0
2017-03-24,9901.0
2017-03-23,9909.0
2017-03-22,9898.0
2017-03-21,9962.0
2017-03-20,9895.0
2017-03-17,9890.0
2017-03-16,9840.0
2017-03-15,9726.0
2017-03-14,9749.0
2017-03-13,9692.0
2017-03-10,9625.0
2017-03-09,9652.0
2017-03-08,9748.0
2017-03-07,9727.0
2017-03-06,9683.0
2017-03-03,9629.0
2017-03-02,9691.0
2017-03-01,9682.0
2017-02-24,9761.0
2017-02-23,9772.0
2017-02-22,9783.0
2017-02-21,9766.0
2017-02-20,9766.0
2017-02-18,9788.0
2017-02-17,9762.0
2017-02-16,9772.0
2017-02-15,9802.0
2017-02-14,9710.0
2017-02-13,9705.0
2017-02-10,9658.0
2017-02-09,9576.0
2017-02-08,9515.0
2017-02-07,9520.0
2017-02-06,9505.0
2017-02-03,9439.0
2017-02-02,9375.0
2017-01-24,9446.0
2017-01-23,9407.0
2017-01-20,9330.0
2017-01-19,9306.0
2017-01-18,9318.0
2017-01-17,9341.0
2017-01-16,9286.0
2017-01-13,9374.0
2017-01-12,9410.0
2017-01-11,9338.0
2017-01-10,9342.0
2017-01-09,9344.0
2017-01-06,9367.0
2017-01-05,9340.0
2017-01-04,9273.0
2017-01-03,9281.0
2016-12-30,9262.0
2016-12-29,9184.0
2016-12-28,9211.0
2016-12-27,9113.0
2016-12-26,9123.0
2016-12-23,9090.0
2016-12-22,9130.0
2016-12-21,9224.0
2016-12-20,9260.0
2016-12-19,9246.0
2016-12-16,9312.0
2016-12-15,9368.0
2016-12-14,9370.0
2016-12-13,9378.0
2016-12-12,9355.0
2016-12-09,9390.0
2016-12-08,9367.0
2016-12-07,9263.0
2016-12-06,9262.0
2016-12-05,9157.0
2016-12-02,9165.0
2016-12-01,9261.0
2016-11-30,9226.0
2016-11-29,9203.0
2016-11-28,9223.0
2016-11-25,9162.0
2016-11-24,9142.0
2016-11-23,9175.0
2016-11-22,9140.0
2016-11-21,9017.0
2016-11-18,8987.0
2016-11-17,8962.0
2016-11-16,8957.0
2016-11-15,8938.0
2016-11-14,8945.0
2016-11-11,8967.0
2016-11-10,9177.0
2016-11-09,8929.0
2016-11-08,9225.0
2016-11-07,9196.0
2016-11-04,9064.0
2016-11-03,9088.0
2016-11-02,9160.0
2016-11-01,9280.0
2016-10-31,9283.0
2016-10-28,9280.0
2016-10-27,9287.0
2016-10-26,9336.0
2016-10-25,9374.0
2016-10-24,9309.0
2016-10-21,9264.0
2016-10-20,9278.0
2016-10-19,9251.0
2016-10-18,9212.0
2016-10-17,9166.0
2016-10-14,9169.0
2016-10-13,9203.0
2016-10-12,9260.0
2016-10-11,9191.0
2016-10-07,9253.0
2016-10-06,9256.0
2016-10-05,9240.0
2016-10-04,9247.0
2016-10-03,9194.0
2016-09-30,9128.0
2016-09-29,9253.0
2016-09-26,9154.0
2016-09-23,9236.0
2016-09-22,9188.0
2016-09-21,9165.0
2016-09-20,9141.0
2016-09-19,9151.0
2016-09-14,8874.0
2016-09-13,8906.0
2016-09-12,8899.0
2016-09-10,8953.0
2016-09-09,9127.0
2016-09-08,9239.0
2016-09-07,9253.0
2016-09-06,9150.0
2016-09-05,9062.0
2016-09-02,8931.0
2016-09-01,8941.0
2016-08-31,8976.0
2016-08-30,9036.0
2016-08-29,9042.0
2016-08-26,9080.0
2016-08-25,9072.0
2016-08-24,8956.0
2016-08-23,8984.0
2016-08-22,8892.0
2016-08-19,8946.0
2016-08-18,9042.0
2016-08-17,9012.0
2016-08-16,9088.0
2016-08-15,9125.0
2016-08-12,9130.0
2016-08-11,9085.0
2016-08-10,9145.0
2016-08-09,9118.0
2016-08-08,9116.0
2016-08-05,9063.0
2016-08-04,8971.0
2016-08-03,8933.0
2016-08-02,9015.0
2016-08-01,9041.0
2016-07-29,8893.0
2016-07-28,8981.0
2016-07-27,8976.0
2016-07-26,8965.0
2016-07-25,8891.0
2016-07-22,8925.0
2016-07-21,8984.0
2016-07-20,8882.0
2016-07-19,9033.0
2016-07-18,8998.0
2016-07-15,8911.0
2016-07-14,8813.0
2016-07-13,8793.0
2016-07-12,8777.0
2016-07-11,8736.0
2016-07-07,8562.0
2016-07-06,8468.0
2016-07-05,8609.0
2016-07-04,8630.0
2016-07-01,8626.0
2016-06-30,8518.0
2016-06-29,8436.0
2016-06-28,8376.0
2016-06-27,8325.0
2016-06-24,8237.0
2016-06-23,8510.0
2016-06-22,8509.0
2016-06-21,8510.0
2016-06-20,8469.0
2016-06-17,8395.0
2016-06-16,8283.0
2016-06-15,8414.0
2016-06-14,8575.0
2016-06-13,8525.0
2016-06-08,8718.0
2016-06-07,8666.0
2016-06-06,8575.0
2016-06-04,8576.0
2016-06-03,8566.0
2016-06-02,8552.0
2016-06-01,8563.0
2016-05-31,8515.0
2016-05-30,8508.0
2016-05-27,8462.0
2016-05-26,8385.0
2016-05-25,8385.0
2016-05-24,8283.0
2016-05-23,8346.0
2016-05-20,8104.0
2016-05-19,8034.0
2016-05-18,8109.0
2016-05-17,8150.0
2016-05-16,8062.0
2016-05-13,8019.0
2016-05-12,8084.0
2016-05-11,8125.0
2016-05-10,8153.0
2016-05-09,8114.0
2016-05-06,8102.0
2016-05-05,8142.0
2016-05-04,8177.0
2016-05-03,8259.0
2016-04-29,8309.0
2016-04-28,8417.0
2016-04-27,8557.0
2016-04-26,8573.0
2016-04-25,8527.0
2016-04-22,8498.0
2016-04-21,8530.0
2016-04-20,8442.0
2016-04-19,8636.0
2016-04-18,8645.0
2016-04-15,8716.0
2016-04-14,8661.0
2016-04-13,8638.0
2016-04-12,8495.0
2016-04-11,8514.0
2016-04-08,8484.0
2016-04-07,8438.0
2016-04-06,8460.0
2016-04-01,8629.0
2016-03-31,8715.0
2016-03-30,8740.0
2016-03-29,8600.0
2016-03-28,8683.0
2016-03-25,8702.0
2016-03-24,8714.0
2016-03-23,8721.0
2016-03-22,8752.0
2016-03-21,8745.0
2016-03-18,8763.0
2016-03-17,8698.0
2016-03-16,8657.0
2016-03-15,8603.0
2016-03-14,8741.0
2016-03-11,8707.0
2016-03-10,8641.0
2016-03-09,8620.0
2016-03-08,8614.0
2016-03-07,8605.0
2016-03-04,8602.0
2016-03-03,8566.0
2016-03-02,8517.0
2016-03-01,8448.0
2016-02-26,8391.0
2016-02-25,8337.0
2016-02-24,8248.0
2016-02-23,8318.0
2016-02-22,8302.0
2016-02-19,8304.0
2016-02-18,8284.0
2016-02-17,8192.0
2016-02-16,8205.0
2016-02-15,8049.0
2016-02-03,8034.0
2016-02-02,8105.0
2016-02-01,8124.0
2016-01-30,8163.0
2016-01-29,8053.0
2016-01-28,7855.0
2016-01-27,7839.0
2016-01-26,7779.0
2016-01-25,7833.0
2016-01-22,7748.0
2016-01-21,7613.0
2016-01-20,7592.0
2016-01-19,7867.0
2016-01-18,7814.0
2016-01-15,7665.0
2016-01-14,7716.0
2016-01-13,7806.0
2016-01-12,7709.0
2016-01-11,7740.0
2016-01-08,7868.0
2016-01-07,7799.0
2016-01-06,7971.0
2016-01-05,8025.0
2016-01-04,8075.0
2015-12-31,8272.0
2015-12-30,8260.0
2015-12-29,8287.0
2015-12-28,8356.0
2015-12-25,8376.0
2015-12-24,8317.0
2015-12-23,8290.0
2015-12-22,8277.0
2015-12-21,8280.0
2015-12-18,8231.0
2015-12-17,8281.0
2015-12-16,8170.0
2015-12-15,8066.0
2015-12-14,8058.0
2015-12-11,8071.0
2015-12-10,8188.0
2015-12-09,8221.0
2015-12-08,8334.0
2015-12-07,8468.0
2015-12-04,8397.0
2015-12-03,8476.0
2015-12-02,8452.0
2015-12-01,8456.0
2015-11-30,8300.0
2015-11-27,8393.0
2015-11-26,8502.0
2015-11-25,8388.0
2015-11-24,8402.0
2015-11-23,8478.0
2015-11-20,8444.0
2015-11-19,8447.0
2015-11-18,8276.0
2015-11-17,8440.0
2015-11-16,8290.0
2015-11-13,8356.0
2015-11-12,8461.0
2015-11-11,8380.0
2015-11-10,8532.0
2015-11-09,8631.0
2015-11-06,8689.0
2015-11-05,8870.0
2015-11-04,8882.0
2015-11-03,8721.0
2015-11-02,8583.0
2015-10-30,8568.0
2015-10-29,8550.0
2015-10-28,8638.0
2015-10-27,8691.0
2015-10-26,8736.0
2015-10-23,8692.0
2015-10-22,8595.0
2015-10-21,8609.0
2015-10-20,8659.0
2015-10-19,8624.0
2015-10-16,8607.0
2015-10-15,8608.0
2015-10-14,8519.0
2015-10-13,8553.0
2015-10-12,8552.0
2015-10-08,8441.0
2015-10-07,8492.0
2015-10-06,8370.0
2015-10-05,8335.0
2015-10-02,8277.0
2015-10-01,8309.0
2015-09-30,8135.0
2015-09-25,8120.0
2015-09-24,8091.0
2015-09-23,8140.0
2015-09-22,8330.0
2015-09-21,8270.0
2015-09-18,8437.0
2015-09-17,8437.0
2015-09-16,8278.0
2015-09-15,8237.0
2015-09-14,8273.0
2015-09-11,8263.0
2015-09-10,8262.0
2015-09-09,8332.0
2015-09-08,7976.0
2015-09-07,7932.0
2015-09-04,7890.0
2015-09-03,7977.0
2015-09-02,7945.0
2015-09-01,7834.0
2015-08-31,7969.0
2015-08-28,7876.0
2015-08-27,7680.0
2015-08-26,7607.0
2015-08-25,7577.0
2015-08-24,7340.0
2015-08-21,7746.0
2015-08-20,7976.0
2015-08-19,7972.0
2015-08-18,8171.0
2015-08-17,8238.0
2015-08-14,8325.0
2015-08-13,8306.0
2015-08-12,8299.0
2015-08-11,8360.0
2015-08-10,8445.0
2015-08-07,8389.0
2015-08-06,8390.0
2015-08-05,8523.0
2015-08-04,8465.0
2015-08-03,8452.0
2015-07-31,8570.0
2015-07-30,8610.0
2015-07-29,8484.0
2015-07-28,8541.0
2015-07-27,8522.0
2015-07-24,8684.0
2015-07-23,8755.0
2015-07-22,8815.0
2015-07-21,8936.0
2015-07-20,8851.0
2015-07-17,8912.0
2015-07-16,8918.0
2015-07-15,8890.0
2015-07-14,8984.0
2015-07-13,8994.0
2015-07-09,8873.0
2015-07-08,8943.0
2015-07-07,9242.0
2015-07-06,9197.0
2015-07-03,9304.0
2015-07-02,9277.0
2015-07-01,9294.0
2015-06-30,9212.0
2015-06-29,9138.0
2015-06-26,9321.0
2015-06-25,9340.0
2015-06-24,9247.0
2015-06-23,9231.0
2015-06-22,9182.0
2015-06-18,9049.0
2015-06-17,9054.0
2015-06-16,9215.0
2015-06-15,9244.0
2015-06-12,9267.0
2015-06-11,9288.0
2015-06-10,9284.0
2015-06-09,9237.0
2015-06-08,9348.0
2015-06-05,9308.0
2015-06-04,9310.0
2015-06-03,9547.0
2015-06-02,9607.0
2015-06-01,9630.0
2015-05-29,9703.0
2015-05-28,9731.0
2015-05-27,9661.0
2015-05-26,9659.0
2015-05-25,9630.0
2015-05-22,9625.0
2015-05-21,9541.0
2015-05-20,9676.0
2015-05-19,9702.0
2015-05-18,9598.0
2015-05-15,9575.0
2015-05-14,9604.0
2015-05-13,9739.0
2015-05-12,9706.0
2015-05-11,9723.0
2015-05-08,9721.0
2015-05-07,9753.0
2015-05-06,9847.0
2015-05-05,9849.0
2015-05-04,9886.0
2015-04-30,9874.0
2015-04-29,9909.0
2015-04-28,9990.0
2015-04-27,10019.0
2015-04-24,9920.0
2015-04-23,9838.0
2015-04-22,9613.0
2015-04-21,9556.0
2015-04-20,9561.0
2015-04-17,9584.0
2015-04-16,9647.0
2015-04-15,9536.0
2015-04-14,9645.0
2015-04-13,9658.0
2015-04-10,9631.0
2015-04-09,9572.0
2015-04-08,9570.0
2015-04-07,9629.0
2015-04-02,9613.0
2015-04-01,9507.0
2015-03-31,9582.0
2015-03-30,9552.0
2015-03-27,9541.0
2015-03-26,9609.0
2015-03-25,9689.0
2015-03-24,9721.0
2015-03-23,9749.0
2015-03-20,9757.0
2015-03-19,9766.0
2015-03-18,9675.0
2015-03-17,9554.0
2015-03-16,9546.0
2015-03-13,9598.0
2015-03-12,9607.0
2015-03-11,9519.0
2015-03-10,9528.0
2015-03-09,9576.0
2015-03-06,9638.0
2015-03-05,9589.0
2015-03-04,9622.0
2015-03-03,9614.0
2015-03-02,9631.0
2015-02-26,9649.0
2015-02-25,9684.0
2015-02-24,9649.0
2015-02-13,9514.0
2015-02-12,9480.0
2015-02-11,9480.0
2015-02-10,9432.0
2015-02-09,9450.0
2015-02-06,9469.0
2015-02-05,9514.0
2015-02-04,9521.0
2015-02-03,9464.0
2015-02-02,9419.0
2015-01-30,9400.0
2015-01-29,9428.0
2015-01-28,9526.0
2015-01-27,9523.0
2015-01-26,9466.0
2015-01-23,9461.0
2015-01-22,9388.0
2015-01-21,9313.0
2015-01-20,9268.0
2015-01-19,9181.0
2015-01-16,9115.0
2015-01-15,9195.0
2015-01-14,9171.0
2015-01-13,9249.0
2015-01-12,9185.0
2015-01-09,9230.0
2015-01-08,9257.0
2015-01-07,9045.0
2015-01-06,9058.0
2015-01-05,9252.0
2014-12-31,9283.0
2014-12-30,9286.0
2014-12-29,9314.0
2014-12-27,9256.0
2014-12-26,9226.0
2014-12-25,9183.0
2014-12-24,9176.0
2014-12-23,9115.0
2014-12-22,9096.0
2014-12-19,9019.0
2014-12-18,8857.0
2014-12-17,8861.0
2014-12-16,8981.0
2014-12-15,9036.0
2014-12-12,9006.0
2014-12-11,9010.0
2014-12-10,9046.0
2014-12-09,9132.0
2014-12-08,9185.0
2014-12-05,9216.0
2014-12-04,9220.0
2014-12-03,9211.0
2014-12-02,9031.0
2014-12-01,9119.0
2014-11-28,9181.0
2014-11-27,9176.0
2014-11-26,9123.0
2014-11-25,9107.0
2014-11-24,9130.0
2014-11-21,9103.0
2014-11-20,9093.0
2014-11-19,8991.0
2014-11-18,8872.0
2014-11-17,8900.0
2014-11-14,8962.0
2014-11-13,8959.0
2014-11-12,8905.0
2014-11-11,9063.0
2014-11-10,9074.0
2014-11-07,8939.0
2014-11-06,8902.0
2014-11-05,8984.0
2014-11-04,8992.0
2014-11-03,8982.0
2014-10-31,8978.0
2014-10-30,8881.0
2014-10-29,8879.0
2014-10-28,8793.0
2014-10-27,8642.0
2014-10-24,8642.0
2014-10-23,8721.0
2014-10-22,8744.0
2014-10-21,8636.0
2014-10-20,8661.0
2014-10-17,8500.0
2014-10-16,8632.0
2014-10-15,8652.0
2014-10-14,8745.0
2014-10-13,8712.0
2014-10-09,8981.0
2014-10-08,8933.0
2014-10-07,9017.0
2014-10-06,9084.0
2014-10-03,9101.0
2014-10-02,8993.0
2014-10-01,8980.0
2014-09-30,8991.0
2014-09-29,8982.0
2014-09-26,8980.0
2014-09-25,9028.0
2014-09-24,9127.0
2014-09-23,9117.0
2014-09-22,9128.0
2014-09-19,9265.0
2014-09-18,9243.0
2014-09-17,9239.0
2014-09-16,9154.0
2014-09-15,9218.0
2014-09-12,9245.0
2014-09-11,9302.0
2014-09-10,9347.0
2014-09-09,9428.0
2014-09-05,9407.0
2014-09-04,9425.0
2014-09-03,9451.0
2014-09-02,9410.0
2014-09-01,9528.0
2014-08-29,9473.0
2014-08-28,9479.0
2014-08-27,9477.0
2014-08-26,9390.0
2014-08-25,9391.0
2014-08-22,9378.0
2014-08-21,9231.0
2014-08-20,9259.0
2014-08-19,9239.0
2014-08-18,9141.0
2014-08-15,9203.0
2014-08-14,9218.0
2014-08-13,9199.0
2014-08-12,9121.0
2014-08-11,9141.0
2014-08-08,9090.0
2014-08-07,9092.0
2014-08-06,9098.0
2014-08-05,9095.0
2014-08-04,9286.0
2014-08-01,9253.0
2014-07-31,9290.0
2014-07-30,9416.0
2014-07-29,9361.0
2014-07-28,9387.0
2014-07-25,9390.0
2014-07-24,9469.0
2014-07-22,9433.0
2014-07-21,9364.0
2014-07-18,9339.0
2014-07-17,9356.0
2014-07-16,9413.0
2014-07-15,9561.0
2014-07-14,9525.0
2014-07-11,9487.0
2014-07-10,9553.0
2014-07-09,9465.0
2014-07-08,9477.0
2014-07-07,9451.0
2014-07-04,9453.0
2014-07-03,9455.0
2014-07-02,9402.0
2014-07-01,9384.0
2014-06-30,9290.0
2014-06-27,9207.0
2014-06-26,9233.0
2014-06-25,9157.0
2014-06-24,9172.0
2014-06-23,9166.0
2014-06-20,9180.0
2014-06-19,9225.0
2014-06-18,9178.0
2014-06-17,9241.0
2014-06-16,9200.0
2014-06-13,9198.0
2014-06-12,9204.0
2014-06-11,9211.0
2014-06-10,9185.0
2014-06-09,9146.0
2014-06-06,9125.0
2014-06-05,9118.0
2014-06-04,9102.0
2014-06-03,9104.0
2014-05-30,9091.0
2014-05-29,9116.0
2014-05-28,9136.0
2014-05-27,9056.0
2014-05-26,9041.0
2014-05-23,9013.0
2014-05-22,8959.0
2014-05-21,8843.0
2014-05-20,8897.0
2014-05-19,8888.0
2014-05-16,8876.0
2014-05-15,8877.0
2014-05-14,8882.0
2014-05-13,8830.0
2014-05-12,8821.0
2014-05-09,8842.0
2014-05-08,8881.0
2014-05-07,8840.0
2014-05-06,8885.0
2014-05-05,8827.0
2014-05-02,8841.0
2014-04-30,8758.0
2014-04-29,8840.0
2014-04-28,8819.0
2014-04-25,8750.0
2014-04-24,8937.0
2014-04-23,8922.0
2014-04-22,8950.0
2014-04-21,8923.0
2014-04-18,8918.0
2014-04-17,8897.0
2014-04-16,8873.0
2014-04-15,8896.0
2014-04-14,8858.0
2014-04-11,8870.0
2014-04-10,8907.0
2014-04-09,8896.0
2014-04-08,8879.0
2014-04-07,8858.0
2014-04-03,8868.0
2014-04-02,8855.0
2014-04-01,8829.0
2014-03-31,8789.0
2014-03-28,8735.0
2014-03-27,8754.0
2014-03-26,8711.0
2014-03-25,8659.0
2014-03-24,8601.0
2014-03-21,8575.0
2014-03-20,8568.0
2014-03-19,8674.0
2014-03-18,8727.0
2014-03-17,8701.0
2014-03-14,8693.0
2014-03-13,8740.0
2014-03-12,8662.0
2014-03-11,8715.0
2014-03-10,8677.0
2014-03-07,8705.0
2014-03-06,8695.0
2014-03-05,8619.0
2014-03-04,8553.0
2014-03-03,8566.0
2014-02-27,8624.0
2014-02-26,8608.0
2014-02-25,8573.0
2014-02-24,8549.0
2014-02-21,8587.0
2014-02-20,8483.0
2014-02-19,8547.0
2014-02-18,8562.0
2014-02-17,8528.0
2014-02-14,8508.0
2014-02-13,8443.0
2014-02-12,8481.0
2014-02-11,8414.0
2014-02-10,8355.0
2014-02-07,8339.0
2014-02-06,8275.0
2014-02-05,8243.0
2014-01-27,8446.0
2014-01-24,8619.0
2014-01-23,8596.0
2014-01-22,8635.0
2014-01-21,8623.0
2014-01-20,8622.0
2014-01-17,8606.0
2014-01-16,8618.0
2014-01-15,8610.0
2014-01-14,8547.0
2014-01-13,8572.0
2014-01-10,8539.0
2014-01-09,8528.0
2014-01-08,8586.0
2014-01-07,8551.0
2014-01-06,8528.0
2014-01-03,8541.0
2014-01-02,8618.0
2013-12-31,8633.0
2013-12-30,8625.0
2013-12-27,8543.0
2013-12-26,8501.0
2013-12-25,8500.0
2013-12-24,8483.0
2013-12-23,8475.0
2013-12-20,8415.0
2013-12-19,8392.0
2013-12-18,8332.0
2013-12-17,8362.0
2013-12-16,8336.0
2013-12-13,8397.0
2013-12-12,8392.0
2013-12-11,8432.0
2013-12-10,8455.0
2013-12-09,8456.0
2013-12-06,8384.0
2013-12-05,8379.0
2013-12-04,8436.0
2013-12-03,8409.0
2013-12-02,8413.0
2013-11-29,8427.0
2013-11-28,8378.0
2013-11-27,8299.0
2013-11-26,8249.0
2013-11-25,8195.0
2013-11-22,8086.0
2013-11-21,8078.0
2013-11-20,8207.0
2013-11-19,8249.0
2013-11-18,8189.0
2013-11-15,8159.0
2013-11-14,8124.0
2013-11-13,8107.0
2013-11-12,8216.0
2013-11-11,8195.0
2013-11-08,8224.0
2013-11-07,8257.0
2013-11-06,8269.0
2013-11-05,8268.0
2013-11-04,8339.0
2013-11-01,8393.0
2013-10-31,8427.0
2013-10-30,8441.0
2013-10-29,8410.0
2013-10-28,8388.0
2013-10-25,8322.0
2013-10-24,8391.0
2013-10-23,8361.0
2013-10-22,8414.0
2013-10-21,8401.0
2013-10-18,8416.0
2013-10-17,8363.0
2013-10-16,8334.0
2013-10-15,8354.0
2013-10-14,8294.0
2013-10-11,8361.0
2013-10-09,8335.0
2013-10-08,8374.0
2013-10-07,8326.0
2013-10-04,8366.0
2013-10-03,8378.0
2013-10-02,8157.0
2013-10-01,8150.0
2013-09-30,8120.0
2013-09-27,8183.0
2013-09-26,8183.0
2013-09-25,8233.0
2013-09-24,8268.0
2013-09-23,8256.0
2013-09-18,8178.0
2013-09-17,8240.0
2013-09-16,8249.0
2013-09-14,8162.0
2013-09-13,8146.0
2013-09-12,8194.0
2013-09-11,8191.0
2013-09-10,8171.0
2013-09-09,8159.0
2013-09-06,8139.0
2013-09-05,8130.0
2013-09-04,8071.0
2013-09-03,8052.0
2013-09-02,8018.0
2013-08-30,7969.0
2013-08-29,7896.0
2013-08-28,7780.0
2013-08-27,7757.0
2013-08-26,7824.0
2013-08-23,7786.0
2013-08-22,7700.0
2013-08-20,7805.0
2013-08-19,7887.0
2013-08-16,7916.0
2013-08-15,7861.0
2013-08-14,7928.0
2013-08-13,7954.0
2013-08-12,7860.0
2013-08-09,7825.0
2013-08-08,7846.0
2013-08-07,7845.0
2013-08-06,7991.0
2013-08-05,8098.0
2013-08-02,8060.0
2013-08-01,8045.0
2013-07-31,8049.0
2013-07-30,8130.0
2013-07-29,8035.0
2013-07-26,8100.0
2013-07-25,8107.0
2013-07-24,8126.0
2013-07-23,8134.0
2013-07-22,8022.0
2013-07-19,7955.0
2013-07-18,8096.0
2013-07-17,8141.0
2013-07-16,8230.0
2013-07-15,8216.0
2013-07-12,8176.0
2013-07-11,8163.0
2013-07-10,7961.0
2013-07-09,7924.0
2013-07-08,7830.0
2013-07-05,7965.0
2013-07-04,7844.0
2013-07-03,7811.0
2013-07-02,7906.0
2013-07-01,7903.0
2013-06-28,7828.0
2013-06-27,7713.0
2013-06-26,7637.0
2013-06-25,7606.0
2013-06-24,7630.0
2013-06-21,7658.0
2013-06-20,7748.0
2013-06-19,7886.0
2013-06-18,7994.0
2013-06-17,7973.0
2013-06-14,7920.0
2013-06-13,7933.0
2013-06-11,8128.0
2013-06-10,8147.0
2013-06-07,8087.0
2013-06-06,8103.0
2013-06-05,8145.0
2013-06-04,8162.0
2013-06-03,8193.0
2013-05-31,8242.0
2013-05-30,8231.0
2013-05-29,8312.0
2013-05-28,8258.0
2013-05-27,8256.0
2013-05-24,8222.0
2013-05-23,8213.0
2013-05-22,8394.0
2013-05-21,8390.0
2013-05-20,8386.0
2013-05-17,8403.0
2013-05-16,8423.0
2013-05-15,8308.0
2013-05-14,8274.0
2013-05-13,8260.0
2013-05-10,8312.0
2013-05-09,8313.0
2013-05-08,8268.0
2013-05-07,8173.0
2013-05-06,8169.0
2013-05-03,8140.0
2013-05-02,8120.0
2013-04-30,8098.0
2013-04-29,8023.0
2013-04-26,7998.0
2013-04-25,8004.0
2013-04-24,7991.0
2013-04-23,7928.0
2013-04-22,7953.0
2013-04-19,7944.0
2013-04-18,7751.0
2013-04-17,7755.0
2013-04-16,7780.0
2013-04-15,7763.0
2013-04-12,7784.0
2013-04-11,7818.0
2013-04-10,7728.0
2013-04-09,7709.0
2013-04-08,7739.0
2013-04-03,7934.0
2013-04-02,7905.0
2013-04-01,7920.0
2013-03-29,7923.0
2013-03-28,7842.0
2013-03-27,7860.0
2013-03-26,7836.0
2013-03-25,7851.0
2013-03-22,7776.0
2013-03-21,7797.0
2013-03-20,7776.0
2013-03-19,7833.0
2013-03-18,7792.0
2013-03-15,7910.0
2013-03-14,7953.0
2013-03-13,7990.0
2013-03-12,7999.0
2013-03-11,8043.0
2013-03-08,8008.0
2013-03-07,7938.0
2013-03-06,7947.0
2013-03-05,7913.0
2013-03-04,7845.0
2013-03-01,7936.0
2013-02-27,7879.0
2013-02-26,7885.0
2013-02-25,7941.0
2013-02-23,7993.0
2013-02-22,7951.0
2013-02-21,7949.0
2013-02-20,8010.0
2013-02-19,7959.0
2013-02-18,7935.0
2013-02-06,7900.0
2013-02-05,7905.0
2013-02-04,7940.0
2013-02-01,7858.0
2013-01-31,7848.0
2013-01-30,7800.0
2013-01-29,7819.0
2013-01-28,7730.0
2013-01-25,7649.0
2013-01-24,7682.0
2013-01-23,7723.0
2013-01-22,7751.0
2013-01-21,7703.0
2013-01-18,7711.0
2013-01-17,7612.0
2013-01-16,7676.0
2013-01-15,7741.0
2013-01-14,7827.0
2013-01-11,7799.0
2013-01-10,7836.0
2013-01-09,7740.0
2013-01-08,7705.0
2013-01-07,7742.0
2013-01-04,7774.0
2013-01-03,7823.0
2013-01-02,7772.0
2012-12-28,7675.0
2012-12-27,7629.0
2012-12-26,7634.0
2012-12-25,7674.0
2012-12-24,7518.0
2012-12-22,7525.0
2012-12-21,7491.0
2012-12-20,7560.0
2012-12-19,7664.0
2012-12-18,7655.0
2012-12-17,7652.0
2012-12-14,7703.0
2012-12-13,7772.0
2012-12-12,7698.0
2012-12-11,7638.0
2012-12-10,7623.0
2012-12-07,7660.0
2012-12-06,7640.0
2012-12-05,7653.0
2012-12-04,7594.0
2012-12-03,7599.0
2012-11-30,7593.0
2012-11-29,7525.0
2012-11-28,7428.0
2012-11-27,7424.0
2012-11-26,7388.0
2012-11-23,7322.0
2012-11-22,7089.0
2012-11-21,7046.0
2012-11-20,7160.0
2012-11-19,7123.0
2012-11-16,7107.0
2012-11-15,7121.0
2012-11-14,7128.0
2012-11-13,7096.0
2012-11-12,7241.0
2012-11-09,7285.0
2012-11-08,7200.0
2012-11-07,7257.0
2012-11-06,7259.0
2012-11-05,7180.0
2012-11-02,7201.0
2012-11-01,7172.0
2012-10-31,7140.0
2012-10-30,7161.0
2012-10-29,7122.0
2012-10-26,7092.0
2012-10-25,7258.0
2012-10-24,7302.0
2012-10-23,7297.0
2012-10-22,7346.0
2012-10-19,7385.0
2012-10-18,7452.0
2012-10-17,7432.0
2012-10-16,7458.0
2012-10-15,7423.0
2012-10-12,7414.0
2012-10-11,7443.0
2012-10-09,7597.0
2012-10-08,7625.0
2012-10-05,7700.0
2012-10-04,7706.0
2012-10-03,7705.0
2012-10-02,7730.0
2012-10-01,7685.0
2012-09-28,7720.0
2012-09-27,7727.0
2012-09-26,7703.0
2012-09-25,7755.0
2012-09-24,7776.0
2012-09-21,7762.0
2012-09-20,7749.0
2012-09-19,7791.0
2012-09-18,7750.0
2012-09-17,7753.0
2012-09-14,7739.0
2012-09-13,7576.0
2012-09-12,7586.0
2012-09-11,7466.0
2012-09-10,7455.0
2012-09-07,7420.0
2012-09-06,7332.0
2012-09-05,7341.0
2012-09-04,7449.0
2012-09-03,7443.0
2012-08-31,7383.0
2012-08-30,7367.0
2012-08-29,7403.0
2012-08-28,7400.0
2012-08-27,7454.0
2012-08-24,7488.0
2012-08-23,7514.0
2012-08-22,7491.0
2012-08-21,7516.0
2012-08-20,7441.0
2012-08-17,7472.0
2012-08-16,7493.0
2012-08-15,7430.0
2012-08-14,7498.0
2012-08-13,7454.0
2012-08-10,7444.0
2012-08-09,7441.0
2012-08-08,7299.0
2012-08-07,7235.0
2012-08-06,7239.0
2012-08-03,7140.0
2012-08-01,7194.0
2012-07-31,7156.0
2012-07-30,7077.0
2012-07-27,7031.0
2012-07-26,6876.0
2012-07-25,6844.0
2012-07-24,6873.0
2012-07-23,6874.0
2012-07-20,7012.0
2012-07-19,7025.0
2012-07-18,6885.0
2012-07-17,7110.0
2012-07-16,7056.0
2012-07-13,7071.0
2012-07-12,7076.0
2012-07-11,7186.0
2012-07-10,7179.0
2012-07-09,7236.0
2012-07-06,7273.0
2012-07-05,7298.0
2012-07-04,7290.0
2012-07-03,7228.0
2012-07-02,7135.0
2012-06-29,7114.0
2012-06-28,6999.0
2012-06-27,6986.0
2012-06-26,6939.0
2012-06-25,6948.0
2012-06-22,7038.0
2012-06-21,7116.0
2012-06-20,7166.0
2012-06-19,7267.0
2012-06-18,7264.0
2012-06-15,7158.0
2012-06-14,7067.0
2012-06-13,7050.0
2012-06-12,7019.0
2012-06-11,7093.0
2012-06-08,6953.0
2012-06-07,7045.0
2012-06-06,7013.0
2012-06-05,6973.0
2012-06-04,6866.0
2012-06-01,7100.0
2012-05-31,7216.0
2012-05-30,7234.0
2012-05-29,7292.0
2012-05-28,7116.0
2012-05-25,7056.0
2012-05-24,7131.0
2012-05-23,7137.0
2012-05-22,7237.0
2012-05-21,7188.0
2012-05-18,7131.0
2012-05-17,7316.0
2012-05-16,7244.0
2012-05-15,7385.0
2012-05-14,7369.0
2012-05-11,7367.0
2012-05-10,7482.0
2012-05-09,7460.0
2012-05-08,7523.0
2012-05-07,7500.0
2012-05-04,7662.0
2012-05-03,7657.0
2012-05-02,7678.0
2012-04-30,7464.0
2012-04-27,7446.0
2012-04-26,7493.0
2012-04-25,7539.0
2012-04-24,7488.0
2012-04-23,7479.0
2012-04-20,7515.0
2012-04-19,7614.0
2012-04-18,7596.0
2012-04-17,7592.0
2012-04-16,7712.0
2012-04-13,7756.0
2012-04-12,7636.0
2012-04-11,7641.0
2012-04-10,7609.0
2012-04-09,7577.0
2012-04-06,7673.0
2012-04-05,7618.0
2012-04-03,7780.0
2012-04-02,7866.0
2012-03-30,7883.0
2012-03-29,7845.0
2012-03-28,8030.0
2012-03-27,8010.0
2012-03-26,7958.0
2012-03-23,8080.0
2012-03-22,8084.0
2012-03-21,7973.0
2012-03-20,7984.0
2012-03-19,8053.0
2012-03-16,8064.0
2012-03-15,8134.0
2012-03-14,8142.0
2012-03-13,8033.0
2012-03-12,7921.0
2012-03-09,8005.0
2012-03-08,7976.0
2012-03-07,7895.0
2012-03-06,7946.0
2012-03-05,8040.0
2012-03-03,8120.0
2012-03-02,8152.0
2012-03-01,8138.0
2012-02-29,8114.0
2012-02-24,7941.0
2012-02-23,7963.0
2012-02-22,8004.0
2012-02-21,7947.0
2012-02-20,7956.0
2012-02-17,7932.0
2012-02-16,7906.0
2012-02-15,8016.0
2012-02-14,7874.0
2012-02-13,7907.0
2012-02-10,7866.0
2012-02-09,7923.0
2012-02-08,7890.0
2012-02-07,7722.0
2012-02-06,7685.0
2012-02-04,7735.0
2012-02-03,7642.0
2012-02-02,7642.0
2012-02-01,7522.0
2012-01-31,7467.0
2012-01-30,7390.0
2012-01-18,7200.0
2012-01-17,7227.0
2012-01-16,7093.0
2012-01-13,7165.0
2012-01-12,7185.0
2012-01-11,7179.0
2012-01-10,7172.0
2012-01-09,7055.0
2012-01-06,7085.0
2012-01-05,7119.0
2012-01-04,7073.0
2012-01-03,7049.0
2012-01-02,6949.0
2011-12-30,7040.0
2011-12-29,7073.0
2011-12-28,7052.0
2011-12-27,7088.0
2011-12-26,7103.0
2011-12-23,7107.0
2011-12-22,6954.0
2011-12-21,6960.0
2011-12-20,6671.0
2011-12-19,6637.0
2011-12-16,6775.0
2011-12-15,6751.0
2011-12-14,6919.0
2011-12-13,6897.0
2011-12-12,6943.0
2011-12-09,6884.0
2011-12-08,6961.0
2011-12-07,7054.0
2011-12-06,6985.0
2011-12-05,7133.0
2011-12-02,7155.0
2011-12-01,7210.0
2011-11-30,6903.0
2011-11-29,6975.0
2011-11-28,6920.0
2011-11-25,6757.0
2011-11-24,6832.0
2011-11-23,6818.0
2011-11-22,7023.0
2011-11-21,7050.0
2011-11-18,7252.0
2011-11-17,7404.0
2011-11-16,7350.0
2011-11-15,7501.0
2011-11-14,7541.0
2011-11-11,7356.0
2011-11-10,7318.0
2011-11-09,7614.0
2011-11-08,7590.0
2011-11-07,7635.0
2011-11-04,7630.0
2011-11-03,7445.0
2011-11-02,7609.0
2011-11-01,7637.0
2011-10-31,7561.0
2011-10-28,7628.0
2011-10-27,7590.0
2011-10-26,7547.0
2011-10-25,7470.0
2011-10-24,7494.0
2011-10-21,7258.0
2011-10-20,7213.0
2011-10-19,7337.0
2011-10-18,7337.0
2011-10-17,7453.0
2011-10-14,7377.0
2011-10-13,7390.0
2011-10-12,7388.0
2011-10-11,7407.0
2011-10-07,7191.0
2011-10-06,7122.0
2011-10-05,6990.0
2011-10-04,7094.0
2011-10-03,7015.0
2011-09-30,7182.0
2011-09-29,7182.0
2011-09-28,7100.0
2011-09-27,7135.0
2011-09-26,6881.0
2011-09-23,7054.0
2011-09-22,7276.0
2011-09-21,7531.0
2011-09-20,7484.0
2011-09-19,7478.0
2011-09-16,7617.0
2011-09-15,7407.0
2011-09-14,7193.0
2011-09-13,7370.0
2011-09-09,7602.0
2011-09-08,7550.0
2011-09-07,7536.0
2011-09-06,7340.0
2011-09-05,7480.0
2011-09-02,7710.0
2011-09-01,7700.0
2011-08-31,7707.0
2011-08-30,7603.0
2011-08-29,7525.0
2011-08-26,7447.0
2011-08-25,7366.0
2011-08-24,7423.0
2011-08-23,7509.0
2011-08-22,7252.0
2011-08-19,7195.0
2011-08-18,7500.0
2011-08-17,7643.0
2011-08-16,7773.0
2011-08-15,7817.0
2011-08-12,7589.0
2011-08-11,7699.0
2011-08-10,7662.0
2011-08-09,7533.0
2011-08-08,7555.0
2011-08-05,7766.0
2011-08-04,8294.0
2011-08-03,8439.0
2011-08-02,8574.0
2011-08-01,8681.0
2011-07-29,8613.0
2011-07-28,8728.0
2011-07-27,8762.0
2011-07-26,8738.0
2011-07-25,8608.0
2011-07-22,8691.0
2011-07-21,8652.0
2011-07-20,8635.0
2011-07-19,8535.0
2011-07-18,8487.0
2011-07-15,8562.0
2011-07-14,8482.0
2011-07-13,8463.0
2011-07-12,8419.0
2011-07-11,8599.0
2011-07-08,8638.0
2011-07-07,8690.0
2011-07-06,8692.0
2011-07-05,8628.0
2011-07-04,8603.0
2011-07-01,8566.0
2011-06-30,8503.0
2011-06-29,8471.0
2011-06-28,8308.0
2011-06-27,8337.0
2011-06-24,8411.0
2011-06-23,8395.0
2011-06-22,8441.0
2011-06-21,8465.0
2011-06-20,8401.0
2011-06-17,8461.0
2011-06-16,8493.0
2011-06-15,8628.0
2011-06-14,8846.0
2011-06-13,8744.0
2011-06-10,8829.0
2011-06-09,9031.0
2011-06-08,9031.0
2011-06-07,9095.0
2011-06-03,9070.0
2011-06-02,9027.0
2011-06-01,9092.0
2011-05-31,9021.0
2011-05-30,8820.0
2011-05-27,8782.0
2011-05-26,8787.0
2011-05-25,8678.0
2011-05-24,8762.0
2011-05-23,8738.0
2011-05-20,8817.0
2011-05-19,8840.0
2011-05-18,8963.0
2011-05-17,8914.0
2011-05-16,8922.0
2011-05-13,9034.0
2011-05-12,9030.0
2011-05-11,9020.0
2011-05-10,9046.0
2011-05-09,9063.0
2011-05-06,9018.0
2011-05-05,9050.0
2011-05-04,8937.0
2011-05-03,8926.0
2011-04-29,9027.0
2011-04-28,9010.0
2011-04-27,9060.0
2011-04-26,8970.0
2011-04-25,8975.0
2011-04-22,8992.0
2011-04-21,8993.0
2011-04-20,8809.0
2011-04-19,8627.0
2011-04-18,8710.0
2011-04-15,8704.0
2011-04-14,8799.0
2011-04-13,8806.0
2011-04-12,8705.0
2011-04-11,8859.0
2011-04-08,8866.0
2011-04-07,8897.0
2011-04-06,8838.0
2011-04-01,8686.0
2011-03-31,8642.0
2011-03-30,8590.0
2011-03-29,8575.0
2011-03-28,8520.0
2011-03-25,8579.0
2011-03-24,8527.0
2011-03-23,8448.0
2011-03-22,8415.0
2011-03-21,8390.0
2011-03-18,8319.0
2011-03-17,8255.0
2011-03-16,8287.0
2011-03-15,8257.0
2011-03-14,8500.0
2011-03-11,8562.0
2011-03-10,8622.0
2011-03-09,8757.0
2011-03-08,8740.0
2011-03-07,8723.0
2011-03-04,8758.0
2011-03-03,8748.0
2011-03-02,8602.0
2011-03-01,8691.0
2011-02-25,8615.0
2011-02-24,8531.0
2011-02-23,8522.0
2011-02-22,8616.0
2011-02-21,8809.0
2011-02-18,8808.0
2011-02-17,8629.0
2011-02-16,8624.0
2011-02-15,8696.0
2011-02-14,8641.0
2011-02-11,8563.0
2011-02-10,8824.0
2011-02-09,9016.0
2011-02-08,9099.0
2011-01-28,9138.0
2011-01-27,9105.0
2011-01-26,9052.0
2011-01-25,8966.0
2011-01-24,8947.0
2011-01-21,8907.0
2011-01-20,9009.0
2011-01-19,9049.0
2011-01-18,8972.0
2011-01-17,8922.0
2011-01-14,8970.0
2011-01-13,8969.0
2011-01-12,8967.0
2011-01-11,8942.0
2011-01-10,8786.0
2011-01-07,8753.0
2011-01-06,8869.0
2011-01-05,8838.0
2011-01-04,8978.0
2011-01-03,9020.0
2010-12-31,8988.0
2010-12-30,8906.0
2010-12-29,8872.0
2010-12-28,8878.0
2010-12-27,8884.0
2010-12-24,8880.0
2010-12-23,8898.0
2010-12-22,8850.0
2010-12-21,8846.0
2010-12-20,8762.0
2010-12-17,8809.0
2010-12-16,8773.0
2010-12-15,8774.0
2010-12-14,8738.0
2010-12-13,8737.0
2010-12-10,8742.0
2010-12-09,8789.0
2010-12-08,8701.0
2010-12-07,8716.0
2010-12-06,8697.0
2010-12-03,8630.0
2010-12-02,8619.0
2010-12-01,8550.0
2010-11-30,8401.0
2010-11-29,8382.0
2010-11-26,8300.0
2010-11-25,8341.0
2010-11-24,8305.0
2010-11-23,8330.0
2010-11-22,8373.0
2010-11-19,8286.0
2010-11-18,8292.0
2010-11-17,8269.0
2010-11-16,8290.0
2010-11-15,8270.0
2010-11-12,8314.0
2010-11-11,8451.0
2010-11-10,8485.0
2010-11-09,8467.0
2010-11-08,8453.0
2010-11-05,8463.0
2010-11-04,8368.0
2010-11-03,8324.0
2010-11-02,8367.0
2010-11-01,8393.0
2010-10-29,8302.0
2010-10-28,8341.0
2010-10-27,8281.0
2010-10-26,8313.0
2010-10-25,8303.0
2010-10-22,8142.0
2010-10-21,8088.0
2010-10-20,8109.0
2010-10-19,8020.0
2010-10-18,8033.0
2010-10-15,8190.0
2010-10-14,8229.0
2010-10-13,8108.0
2010-10-12,8056.0
2010-10-11,8135.0
2010-10-08,8214.0
2010-10-07,8272.0
2010-10-06,8273.0
2010-10-05,8192.0
2010-10-04,8217.0
2010-10-01,8238.0
2010-09-30,8219.0
2010-09-29,8210.0
2010-09-28,8180.0
2010-09-27,8185.0
2010-09-24,8147.0
2010-09-23,8202.0
2010-09-21,8192.0
2010-09-20,8178.0
2010-09-17,8171.0
2010-09-16,8070.0
2010-09-15,8156.0
2010-09-14,8122.0
2010-09-13,8109.0
2010-09-10,7900.0
2010-09-09,7834.0
2010-09-08,7848.0
2010-09-07,7853.0
2010-09-06,7865.0
2010-09-03,7777.0
2010-09-02,7692.0
2010-09-01,7630.0
2010-08-31,7557.0
2010-08-30,7718.0
2010-08-27,7659.0
2010-08-26,7621.0
2010-08-25,7679.0
2010-08-24,7887.0
2010-08-23,7952.0
2010-08-20,7886.0
2010-08-19,7918.0
2010-08-18,7878.0
2010-08-17,7941.0
2010-08-16,7946.0
2010-08-13,7911.0
2010-08-12,7800.0
2010-08-11,7856.0
2010-08-10,7936.0
2010-08-09,7987.0
2010-08-06,7929.0
2010-08-05,7913.0
2010-08-04,7911.0
2010-08-03,7914.0
2010-08-02,7870.0
2010-07-30,7682.0
2010-07-29,7707.0
2010-07-28,7723.0
2010-07-27,7657.0
2010-07-26,7709.0
2010-07-23,7680.0
2010-07-22,7563.0
2010-07-21,7595.0
2010-07-20,7709.0
2010-07-19,7659.0
2010-07-16,7669.0
2010-07-15,7707.0
2010-07-14,7703.0
2010-07-13,7560.0
2010-07-12,7533.0
2010-07-09,7566.0
2010-07-08,7532.0
2010-07-07,7447.0
2010-07-06,7456.0
2010-07-05,7324.0
2010-07-02,7165.0
2010-07-01,7101.0
2010-06-30,7153.0
2010-06-29,7252.0
2010-06-28,7362.0
2010-06-25,7324.0
2010-06-24,7427.0
2010-06-23,7437.0
2010-06-22,7480.0
2010-06-21,7523.0
2010-06-18,7352.0
2010-06-17,7347.0
2010-06-15,7459.0
2010-06-14,7382.0
2010-06-11,7293.0
2010-06-10,7163.0
2010-06-09,7038.0
2010-06-08,7129.0
2010-06-07,7097.0
2010-06-04,7321.0
2010-06-03,7338.0
2010-06-02,7140.0
2010-06-01,7244.0
2010-05-31,7325.0
2010-05-28,7280.0
2010-05-27,7202.0
2010-05-26,7122.0
2010-05-25,7052.0
2010-05-24,7274.0
2010-05-21,7209.0
2010-05-20,7357.0
2010-05-19,7484.0
2010-05-18,7619.0
2010-05-17,7602.0
2010-05-14,7760.0
2010-05-13,7761.0
2010-05-12,7587.0
2010-05-11,7568.0
2010-05-10,7637.0
2010-05-07,7502.0
2010-05-06,7579.0
2010-05-05,7657.0
2010-05-04,7880.0
2010-05-03,7931.0
2010-04-30,7989.0
2010-04-29,8043.0
2010-04-28,8035.0
2010-04-27,8130.0
2010-04-26,8148.0
2010-04-23,7958.0
2010-04-22,7925.0
2010-04-21,7957.0
2010-04-20,7876.0
2010-04-19,7822.0
2010-04-16,8102.0
2010-04-15,8158.0
2010-04-14,8112.0
2010-04-13,8019.0
2010-04-12,8126.0
2010-04-09,8101.0
2010-04-08,8081.0
2010-04-07,8126.0
2010-04-06,8096.0
2010-04-02,8039.0
2010-04-01,8025.0
2010-03-31,7906.0
2010-03-30,7961.0
2010-03-29,7957.0
2010-03-26,7886.0
2010-03-25,7803.0
2010-03-24,7815.0
2010-03-23,7804.0
2010-03-22,7802.0
2010-03-19,7867.0
2010-03-18,7850.0
2010-03-17,7840.0
2010-03-16,7703.0
2010-03-15,7655.0
2010-03-12,7754.0
2010-03-11,7757.0
2010-03-10,7769.0
2010-03-09,7764.0
2010-03-08,7755.0
2010-03-05,7659.0
2010-03-04,7526.0
2010-03-03,7611.0
2010-03-02,7601.0
2010-03-01,7575.0
2010-02-26,7383.0
2010-02-25,7368.0
2010-02-24,7480.0
2010-02-23,7535.0
2010-02-22,7533.0
2010-02-10,7419.0
2010-02-09,7316.0
2010-02-08,7160.0
2010-02-06,7155.0
2010-02-05,7201.0
2010-02-04,7507.0
2010-02-03,7501.0
2010-02-02,7371.0
2010-02-01,7513.0
2010-01-29,7580.0
2010-01-28,7699.0
2010-01-27,7534.0
2010-01-26,7556.0
2010-01-25,7852.0
2010-01-22,7897.0
2010-01-21,8134.0
2010-01-20,8217.0
2010-01-19,8270.0
2010-01-18,8353.0
2010-01-15,8369.0
2010-01-14,8301.0
2010-01-13,8215.0
2010-01-12,8308.0
2010-01-11,8325.0
2010-01-08,8278.0
2010-01-07,8259.0
2010-01-06,8320.0
2010-01-05,8178.0
2010-01-04,8166.0
2009-12-31,8205.0
2009-12-30,8091.0
2009-12-29,8059.0
2009-12-28,8045.0
2009-12-25,7983.0
2009-12-24,7953.0
2009-12-23,7867.0
2009-12-22,7831.0
2009-12-21,7753.0
2009-12-18,7701.0
2009-12-17,7691.0
2009-12-16,7699.0
2009-12-15,7799.0
2009-12-14,7831.0
2009-12-11,7792.0
2009-12-10,7639.0
2009-12-09,7793.0
2009-12-08,7757.0
2009-12-07,7754.0
2009-12-04,7592.0
2009-12-03,7697.0
2009-12-02,7689.0
2009-12-01,7639.0
